command,mean,stddev,median,user,system,min,max
hyply,3.7574010039149996,0.05410618575369296,3.735792361015,13.107270879999998,1.3678794450000002,3.7227408395149997,3.902169513515
HYPLY_THREADS=1 hyply,7.583331128215001,0.03425829745713758,7.568369245515,6.678150380000001,0.8872187449999999,7.544547166515,7.648914776514999
enry,137.604640263715,0.5015438231002043,137.422916457015,139.68573478,4.358438045,137.195516501515,138.869438922515
