command,mean,stddev,median,user,system,min,max
hyply,0.38084766819000004,0.016563875793078043,0.37516203849,0.6580705699999999,0.736334805,0.37084347399,0.42532777899
HYPLY_THREADS=1 hyply,0.83412920269,0.004915711562612594,0.83344022499,0.39454277,0.435712305,0.82762522199,0.84372243099
enry,8.230060868790002,0.025524912348991062,8.22156784049,7.488754070000001,1.0243823049999998,8.202181393990001,8.28174228199
github-linguist,19.678095063489998,0.28208547678880935,19.730064349990002,17.97947847,1.6419459049999996,19.40336380399,20.29308973299
