command,mean,stddev,median,user,system,min,max
hyply,0.39578538334499996,0.015694524010459364,0.391771693845,0.655279965,0.7577905250000001,0.378847170845,0.420132721845
HYPLY_THREADS=1 hyply,0.8794500070450002,0.011284810072652175,0.8769564893450001,0.4024860649999999,0.46927992500000004,0.8689463138450001,0.9011424548450001
enry,8.580990844745001,0.5468592906071037,8.377885573844999,7.695031664999999,1.0869738249999998,8.298022454845,10.114504163845
github-linguist,20.049703637145,0.14337871305222533,20.011834612845,18.287410865000002,1.703402525,19.880310810845,20.321831978845
