command,mean,stddev,median,user,system,min,max
hyply,0.12079188988804349,0.0020300751419688613,0.120980763975,0.3424400258695652,0.062365248913043486,0.118099247975,0.124714092975
HYPLY_THREADS=1 hyply,0.24716978797500005,0.00370076556331825,0.246652989975,0.20021140136363635,0.04388852954545455,0.24212781697500002,0.25613635697500003
enry,2.1653028401750003,0.007884313102660212,2.164070555975,2.184665165,0.13973697499999999,2.155150668975,2.1800479149750003
github-linguist,4.250985168575,0.011404758901965698,4.252747685975001,3.886809864999999,0.348488975,4.237188187975,4.268025755975001
