command,mean,stddev,median,user,system,min,max
hyply,0.11885588497543478,0.0017024872684680624,0.11862866684500001,0.344106945,0.060543279347826086,0.11660269084500001,0.122696928845
HYPLY_THREADS=1 hyply,0.24249407251166666,0.0008596773086120328,0.242468749345,0.19810027833333332,0.04183005833333333,0.241433659845,0.24425821284500002
enry,2.1619940914450004,0.011770774775264893,2.1566758283450005,2.1902894450000003,0.136609775,2.1514513008450002,2.1855709458450003
github-linguist,4.240728736444999,0.02092612694789664,4.2386034888449995,3.8881686449999995,0.33988467499999997,4.207010030845,4.2856284718449995
